symbol,current_price,momentum_score,momentum_pct,momentum_standard,momentum_standard_pct,dollar_volume,pct_from_high,at_high,data_days
PLTR,158.74000549316406,3.7590656500705846,375.9065650070585,3.8783036578655095,387.83036578655094,11200506923.04026,-16.452628687808392,False,400
GEV,607.0700073242188,2.392961623291571,239.29616232915708,2.3010646893493063,230.10646893493063,1669236368.2882361,-10.367785288606479,False,353
TPR,99.66000366210938,1.6956607999180613,169.56607999180613,1.4776313237621101,147.76313237621102,414316181.45435303,-12.617272253046774,False,400
VST,190.4600067138672,1.4017508554081104,140.17508554081104,1.3310103508022966,133.10103508022965,936379879.6827039,-12.169701935378729,False,400
RCL,344.6700134277344,1.2337907489272597,123.37907489272597,1.203803296627497,120.3803296627497,778032139.0609863,-3.158098990958935,True,400
UAL,102.9800033569336,1.1369373605657342,113.69373605657343,1.45248866969547,145.248866969547,609120393.9206085,-11.224135037126215,False,400
JBL,209.83999633789062,1.0141192232878784,101.41192232878784,0.9358011991289223,93.58011991289223,342021390.24212646,-9.844851677535049,False,400
HWM,171.0,0.9447158015177928,94.47158015177928,0.7814041733062054,78.14041733062054,581091963.889964,-11.459651036842832,False,400
NRG,145.08999633789062,0.9336944851713567,93.36944851713567,0.7807177728915886,78.07177728915886,472286527.2276129,-17.543765172829882,False,400
COIN,319.8500061035156,0.9235805674511666,92.35805674511666,0.5509383345286285,55.09383345286285,5093735256.404385,-28.06701664366209,False,400
CCL,31.299999237060547,0.9225307376809473,92.25307376809472,1.0206584699517474,102.06584699517474,652946696.7701263,-0.2549392155691166,True,400
AXON,766.239990234375,0.8908557670614696,89.08557670614697,1.0427618708780217,104.27618708780217,511283425.41713375,-13.509119896206057,False,400
DASH,247.32000732421875,0.8825029601108487,88.25029601108487,0.9105447134394631,91.0544713439463,921813110.911189,-11.083942926038404,False,400
RL,285.79998779296875,0.7617199854774128,76.17199854774128,0.7047555102050846,70.47555102050846,198060338.25399414,-6.70497120534872,False,400
AVGO,294.0,0.7613717120372128,76.13717120372128,0.7936451756624241,79.36451756624241,5406441218.874451,-7.357808619640971,False,400
WBD,12.050000190734863,0.757812539290172,75.7812539290172,0.5690104765720523,56.901047657205226,744012481.2303584,-13.121843618175754,False,400
ORCL,236.3699951171875,0.7501492356757946,75.01492356757946,0.7035900142967118,70.35900142967118,3398531542.1961164,-9.391651189702422,False,400
NFLX,1204.6500244140625,0.6937686740245292,69.37686740245293,0.7280382614926402,72.80382614926401,4088005724.9521294,-10.177832271944053,False,400
CRWD,420.54998779296875,0.6911167718229845,69.11167718229845,0.5392921230778511,53.929212307785114,1329832011.8657348,-18.8096058437647,False,400
EQT,51.970001220703125,0.6489618976517233,64.89618976517232,0.5909551284319492,59.09551284319492,464137763.09575653,-14.570067391171893,False,400
CEG,310.1600036621094,0.6428717837801736,64.28717837801736,0.5859962062453619,58.599620624536186,758775351.5350585,-13.015705791262855,False,400
C,95.26000213623047,0.6136988287455434,61.369882874554335,0.6220981714836253,62.20981714836253,1357732589.3338768,-1.0561313617630685,True,400
VRSN,269.54998779296875,0.5932365963180921,59.323659631809214,0.5024102039764495,50.24102039764495,241499565.8246814,-12.965971272974963,False,400
JCI,107.26000213623047,0.5871759453908687,58.71759453908687,0.5473595754188469,54.735957541884694,532879877.526116,-4.767819628997227,True,400
LYV,165.72000122070312,0.5848450031618451,58.48450031618451,0.717839733841928,71.7839733841928,340304169.2538196,-0.49236945988153646,True,400
GE,266.5299987792969,0.5755710695927672,57.557106959276716,0.566870415110581,56.6870415110581,1626315506.674153,-5.317940042878555,False,400
APH,109.36000061035156,0.5687673498682131,56.87673498682131,0.6423549669032,64.23549669032,902350648.2134656,-2.661324347466054,True,400
BK,102.54000091552734,0.5598904996076577,55.98904996076577,0.6085194019593956,60.851940195939555,403143358.26862794,-1.8474205825828038,True,400
GILD,114.7699966430664,0.5553149488268692,55.531494882686914,0.5768860094350263,57.688600943502635,786856213.3927186,-5.794964361716581,False,400
PODD,330.7699890136719,0.5424110972292815,54.24110972292815,0.7802474896705474,78.02474896705473,209642650.33952639,-1.0204092814789623,True,400
SYF,73.19999694824219,0.5411074129011251,54.11074129011251,0.5777731367435068,57.77731367435068,231356667.9974243,-1.2279093976721223,True,400
WFC,79.0999984741211,0.5368696353100695,53.686963531006946,0.4579771404689188,45.79771404689188,1357912691.0322387,-6.206905324841694,False,400
NTRS,130.05999755859375,0.5323474106363795,53.23474106363795,0.5478184916799154,54.78184916799154,242975105.31301817,-2.2105281514332664,True,400
COF,221.22000122070312,0.5261525090113055,52.61525090113055,0.6019222792442858,60.19222792442858,792927198.936731,-4.57215479153329,True,400
BKNG,5720.8701171875,0.5232534688927819,52.325346889278194,0.5423602214320205,54.23602214320204,1130288878.6393359,-2.0300002207521817,True,400
ETR,89.33000183105469,0.5169131676583403,51.69131676583403,0.5474341442629824,54.743414426298244,229277385.19572997,-2.680065809558063,True,400
FFIV,317.2300109863281,0.514040695256607,51.4040695256607,0.5907632830162606,59.076328301626056,151481648.25826415,-5.020954794512534,False,400
PWR,379.8399963378906,0.5137134277869129,51.371342778691286,0.411936793732236,41.1936793732236,447325670.19967896,-10.613264424248769,False,400
SCHW,95.83000183105469,0.5094365589709542,50.94365589709542,0.5031847728318246,50.31847728318246,806964519.5850171,-3.610939855168893,True,400
STX,159.2100067138672,0.5032326601437511,50.323266014375115,0.5670116454461276,56.70116454461276,544778313.4808621,-0.8469829658819705,True,400
T,28.770000457763672,0.495933991410765,49.5933991410765,0.5414764147588336,54.147641475883354,883294237.1218414,-2.967956735542865,True,400
TRMB,82.58000183105469,0.49061620261607986,49.061620261607985,0.4621105258561573,46.21105258561573,134882659.00137633,-5.622855050223219,False,400
PAYC,233.88999938964844,0.4904018820345126,49.040188203451265,0.4649720519021767,46.49720519021767,147927509.92750853,-12.64939092496432,False,400
GS,741.8900146484375,0.47900221516858266,47.90022151685827,0.5257056456674174,52.57056456674174,1477116082.9870312,-0.9558738750704343,True,400
CNP,38.04999923706055,0.4756264609405092,47.56264609405092,0.4923433569926494,49.23433569926494,194371241.34433106,-2.846715614851203,True,400
CAH,148.10000610351562,0.4662005128219988,46.62005128219988,0.37189983935177007,37.189983935177004,377465838.026853,-12.075514155235256,False,400
RJF,165.27000427246094,0.4608727137175943,46.08727137175943,0.44712565893767,44.712565893767,169256357.472334,-4.5378951908741865,True,400
MS,148.02000427246094,0.44743680722753365,44.74368072275337,0.5139513916276512,51.395139162765126,762979673.6038482,-0.7110259897870064,True,400
EXPE,214.80999755859375,0.43656545774632494,43.65654577463249,0.6200579031545688,62.00579031545688,329824576.8738282,-0.8264120473137959,True,400
EBAY,99.22000122070312,0.4296606044907454,42.96606044907454,0.7204479341801497,72.04479341801498,492691012.3888934,-1.9080576135058203,True,400
EMR,133.77000427246094,0.4295346324632121,42.95346324632121,0.3076095206282492,30.76095206282492,446398928.2350433,-10.629062097291087,False,400
NCLH,25.049999237060547,0.4294403428586677,42.94403428586677,0.5237225318311995,52.37225318311995,340830604.3139264,-14.475935629688108,False,400
FAST,50.38999938964844,0.4212629518154789,42.12629518154789,0.5012662431498252,50.126624314982514,288923205.8587541,-0.4150179660184383,True,400
STT,115.4800033569336,0.4183178103353984,41.83178103353984,0.47582754139912997,47.582754139913,223505101.25622988,-0.14699365905954664,True,400
WYNN,114.30999755859375,0.41315369980252914,41.31536998025291,0.4929223187843179,49.29223187843179,202713249.59164888,-0.2704634274644735,True,400
JPM,296.239990234375,0.4129042497050013,41.290424970500126,0.41142727487456865,41.14272748745687,2486355362.5634375,-1.6761320214154773,True,400
TTWO,229.02999877929688,0.4103204202567923,41.032042025679225,0.43081144686525175,43.08114468652518,451074473.8266272,-6.548883193995502,False,400
TKO,186.1699981689453,0.4096332069726223,40.963320697262226,0.5620917354820096,56.209173548200965,169873575.43145385,-4.410554826540169,True,400
FOXA,59.41999816894531,0.4084652997854481,40.84652997854481,0.48731126450039586,48.73112645003958,198575069.06377715,-1.361227567519474,True,400
WELL,164.42999267578125,0.40702121949943715,40.70212194994372,0.43977627526127305,43.97762752612731,449137447.79228336,-3.4675643045188553,True,400
WDC,76.97000122070312,0.4067906742039986,40.67906742039986,0.5688305589280722,56.88305589280722,460767441.6762543,-2.3223372591149483,True,400
APO,134.1999969482422,0.4004946665251299,40.04946665251299,0.2439761977890995,24.397619778909952,428039022.1812561,-28.462160838873896,False,400
EXE,94.66000366210938,0.39972568359721605,39.972568359721606,0.35081732047441627,35.081732047441626,366057329.3084619,-22.072368275630605,False,400
PM,171.75,0.39500561687061886,39.50056168706189,0.4874112985721215,48.74112985721215,1013497414.7318871,-7.309940943609872,False,400
KR,69.55999755859375,0.39414174252707834,39.41417425270784,0.34663250963426684,34.663250963426684,515238607.7085444,-6.65760790893386,False,400
FOX,54.43000030517578,0.3928176607606344,39.28176607606344,0.466648630574404,46.6648630574404,55428845.3731755,-1.2965820049915866,True,400
CSCO,67.31999969482422,0.3907382797891201,39.073827978912014,0.37098402863977986,37.09840286397799,1435530950.5795996,-7.208825826240783,False,400
FTNT,80.0199966430664,0.3891540597544876,38.915405975448756,0.06099176061787781,6.099176061787781,667311705.8747059,-30.308311395446296,False,400
DE,495.989990234375,0.3842000682399278,38.42000682399278,0.33398634856715437,33.39863485671544,644816974.563457,-6.785536203872978,False,400
CME,269.5199890136719,0.38335514379675084,38.33551437967508,0.3451254528108083,34.51254528108083,623656117.0442213,-6.890163285436934,False,400
MOS,32.54999923706055,0.3809993260953275,38.09993260953275,0.20223395946962874,20.223395946962874,178369326.43587694,-14.857442775798479,False,400
DAL,61.689998626708984,0.3729961321184041,37.29961321184041,0.5536146069716017,55.36146069716017,530630530.1937927,-11.059504324278468,False,400
TEL,205.0,0.3697001536086444,36.97001536086444,0.3657029336292943,36.57029336292943,347569522.43369144,-3.647299636768231,True,400
WMB,57.06999969482422,0.36934571049852805,36.934571049852806,0.3301882430682528,33.01882430682528,459086718.8875671,-10.055163107014076,False,400
TSLA,340.010009765625,0.3674026154467438,36.74026154467438,0.522864707570408,52.2864707570408,29987010599.927376,-30.40283214913797,False,400
ROK,351.19000244140625,0.36241224314768217,36.24122431476822,0.34535106715792896,34.53510671579289,307382229.4212305,-2.3220541411196782,True,400
CTVA,73.37000274658203,0.3617346287072125,36.17346287072125,0.3663904498832138,36.63904498832138,307069682.9484595,-5.21896489394541,False,400
GL,141.24000549316406,0.3603240866341646,36.03240866341646,0.46085899655740414,46.08589965574041,86754435.33686768,-1.9166628519693973,True,400
GLW,65.7699966430664,0.356348548087734,35.6348548087734,0.6009877512603643,60.09877512603643,276239337.37242067,-1.0977494089226991,True,400
DIS,118.86000061035156,0.355960226417668,35.5960226417668,0.3216026024832106,32.16026024832106,1024095815.2396886,-4.675596853720732,True,400
NVDA,177.99000549316406,0.352489340121541,35.248934012154095,0.3855737162800461,38.55737162800461,28221872313.449642,-3.5179913186685896,True,400
KMI,26.700000762939453,0.3514848752615096,35.14848752615096,0.32990895506237417,32.990895506237415,414992922.026336,-12.436941331489182,False,400
BKR,44.7599983215332,0.3494966645216828,34.94966645216828,0.32814292497706443,32.81429249770645,305698202.0668471,-7.893385710071488,False,400
BX,170.5,0.349380040885934,34.9380040885934,0.2995814059136781,29.95814059136781,618029817.8444312,-13.306396204226834,False,400
IBM,242.08999633789062,0.3491770941086485,34.91770941086485,0.262257107391872,26.225710739187203,1300776268.5070314,-17.70434981739868,False,400
ULTA,529.5,0.34818326601365635,34.818326601365634,0.39005560573008125,39.005560573008125,311627125.6426074,-0.8612574042698773,True,400
NDAQ,94.75,0.34818127133892385,34.81812713389238,0.36620508512687744,36.62050851268774,301867450.46124876,-2.9499102063296867,True,400
BSX,106.16999816894531,0.3476716454090425,34.76716454090425,0.3471640839731014,34.71640839731014,760004783.9416809,-2.5426879111286937,True,400
RTX,156.24000549316406,0.3443285473864228,34.432854738642284,0.3591221579886785,35.912215798867855,786459413.5871826,-1.1725421376373335,True,400
DRI,208.5800018310547,0.343645563984434,34.364556398443405,0.38194077898823053,38.19407789882305,276636648.1144519,-7.9862630449943905,False,400
META,754.7899780273438,0.34024880120382583,34.02488012038258,0.4152299671062758,41.52299671062758,8954414736.027891,-5.206910137853216,False,400
BA,230.1199951171875,0.3335063947376664,33.35063947376664,0.3268754242951817,32.68754242951817,1765939357.958203,-5.179449997019791,False,400
BEN,25.389999389648438,0.32847760333618026,32.84776033361803,0.3644840806951497,36.44840806951497,94894478.58967894,-2.6457075769790284,True,400
IVZ,21.549999237060547,0.3268096267603626,32.68096267603626,0.3473874942653419,34.738749426534184,117172714.79640445,-0.41589720483514725,True,400
V,350.0400085449219,0.326732584775385,32.6732584775385,0.31431091987009196,31.431091987009196,2375616483.440808,-6.618756003443305,False,400
NI,42.939998626708984,0.325488297223536,32.5488297223536,0.3674032657557864,36.74032657557864,171463468.63513947,-1.3100430172669597,True,400
TT,424.1099853515625,0.32542454188442127,32.54245418844213,0.2174339325321608,21.74339325321608,545961524.0712671,-10.936814469609125,False,400
BLK,1148.1700439453125,0.324022611182607,32.4022611182607,0.35930247261938386,35.93024726193838,652034376.5633081,-2.024078233164306,True,400
GRMN,235.9199981689453,0.318878975881959,31.8878975881959,0.34284198592839976,34.28419859283998,187579546.0740692,-3.516687882775371,True,400
TDY,551.0599975585938,0.313328345824577,31.332834582457703,0.3160269937675575,31.60269937675575,209129435.7140039,-3.4176949108664867,True,400
ETN,347.6099853515625,0.29715968953086125,29.715968953086126,0.17148783535114132,17.14878353511413,858905509.6015869,-13.001805116742949,False,400
ORLY,102.30999755859375,0.2936669980093298,29.366699800932984,0.3483604571121064,34.83604571121064,458111113.6266992,-2.431816743195858,True,400
WMT,96.83000183105469,0.29338918201860453,29.33891820186045,0.2994968171205046,29.949681712050456,1601848034.5042388,-7.352337136231036,False,400
AMZN,228.83999633789062,0.2893786849179101,28.937868491791008,0.2705568572672492,27.05568572672492,9706402524.594463,-5.640775067446146,False,400
CBRE,164.41000366210938,0.2882216597454472,28.822165974544724,0.4648076157455099,46.48076157455099,224126896.25033206,-0.29110056966207276,True,400
TDG,1408.4599609375,0.28527400347900755,28.527400347900755,0.13194829030552624,13.194829030552624,475046579.43998533,-13.263087943053954,False,400
TMUS,251.9499969482422,0.2839343794102651,28.393437941026512,0.3070192443400386,30.701924434003857,1081507575.8016925,-8.539210061015046,False,400
ANET,133.25,0.28174431674550515,28.174431674550515,0.4976537077796883,49.76537077796883,1094646349.5245948,-6.155366684301478,False,400
LUV,32.77000045776367,0.2804468555038311,28.044685550383107,0.261582867063366,26.158286706336597,362373989.5676353,-13.67228332951127,False,400
MNST,62.84000015258789,0.28015321110126434,28.015321110126436,0.3367369154702493,33.67369154702493,386572183.049773,-5.85767767402563,False,400
BAC,49.47999954223633,0.2793787727869981,27.93787727869981,0.3081971872351259,30.81971872351259,1836433188.1087599,-0.36246537601462014,True,400
MCK,689.4500122070312,0.27793853024723747,27.793853024723745,0.24061833065790839,24.06183306579084,548179264.2941967,-6.564664310369494,False,400
WSM,203.4199981689453,0.274751950153975,27.475195015397503,0.4363024759572678,43.63024759572678,249228896.87486753,-6.720621447689412,False,400
CAT,435.6700134277344,0.2721786864386826,27.217868643868258,0.2903942065093883,29.03942065093883,1189498297.1286914,-1.2422034556427652,True,400
KKR,141.77000427246094,0.2698443188835702,26.98443188835702,0.20021020060710404,20.021020060710406,469977983.8689575,-16.45794260915431,False,400
AXP,319.1600036621094,0.26510449753209864,26.510449753209862,0.3098807982653551,30.988079826535508,832384428.7929981,-3.032147579196054,True,400
RF,26.760000228881836,0.2590934214417928,25.90934214417928,0.2811156358699489,28.11156358699489,329442938.767186,-1.2248740911239508,True,400
PH,752.3300170898438,0.25810664122267557,25.810664122267557,0.29726624438229377,29.726624438229376,464631289.8778662,-1.5261944912333458,True,400
XEL,74.26000213623047,0.2551444809790302,25.51444809790302,0.2806682248158334,28.066822481583344,236750438.83191377,-0.41571350390560147,True,400
AEE,101.94999694824219,0.2516867895184891,25.16867895184891,0.27558439827801506,27.558439827801507,153877906.53314638,-1.5831638648765578,True,400
LVS,55.04999923706055,0.2502715761892338,25.02715761892338,0.36163408994731716,36.16340899473172,232381316.59446198,-1.0722810956002138,True,400
WAB,195.74000549316406,0.24746706303525468,24.746706303525468,0.21820445941251632,21.82044594125163,228686655.82912537,-9.304928082932118,False,400
ATO,168.2100067138672,0.24577640701207049,24.57764070120705,0.32871757571900573,32.871757571900574,126451577.79975587,-0.3849306491383042,True,400
DDOG,131.22000122070312,0.2447766283142816,24.47766283142816,0.1144895838415978,11.44895838415978,1042035522.4992126,-22.84807160864939,False,400
HBAN,17.360000610351562,0.24266951357045108,24.26695135704511,0.2964389606569624,29.64389606569624,534448123.8733082,-3.0839190970375907,True,400
HLT,277.5,0.23933880795256157,23.933880795256158,0.28533284670470116,28.533284670470117,510720363.1472254,-0.7013495723924401,True,400
SOLV,73.55000305175781,0.2391887444562686,23.91887444562686,0.2328193637256306,23.28193637256306,68827048.2008551,-14.397108217884568,False,354
MO,67.66999816894531,0.23862363983601065,23.862363983601064,0.40610063045629086,40.61006304562908,557658413.90733,-1.3556856062126865,True,400
DLR,167.05999755859375,0.23804743092212033,23.804743092212032,0.14891787511701993,14.891787511701992,278735492.8484632,-13.760624590748083,False,400
UBER,96.79000091552734,0.23666301844292859,23.66630184429286,0.3172291302895567,31.722913028955666,1688500177.2679777,-0.9466258578823661,True,400
ALLE,172.24000549316406,0.23470025910078718,23.470025910078718,0.29935102211225906,29.935102211225907,146155505.56589356,-0.24902570240403765,True,400
CFG,50.77000045776367,0.23459668079440532,23.459668079440533,0.2829922669863032,28.29922669863032,232948253.977558,-0.029535078652165314,True,400
EVRG,72.30000305175781,0.23335352922944197,23.335352922944196,0.2899563961936611,28.99563961936611,162997965.58756346,-1.3492167359177465,True,400
CSGP,91.22000122070312,0.22979234803686666,22.979234803686666,0.20677345733614927,20.677345733614928,256786648.26784274,-6.373805876035455,False,400
CMI,402.29998779296875,0.22882841514040497,22.882841514040496,0.3603049874676114,36.03049874676114,314430066.27509034,-0.9864674610883695,True,400
TRV,276.2900085449219,0.22816120981394428,22.816120981394427,0.2951970831041082,29.51970831041082,339436687.0121729,-0.9855217588116139,True,400
RMD,293.7300109863281,0.22738763733649026,22.738763733649026,0.32092326270322014,32.09232627032201,254131489.2569299,-0.02722391100720145,True,400
WEC,108.54000091552734,0.22521238598865478,22.52123859886548,0.22396919290098039,22.39691929009804,217616635.81962708,-2.2083590665985087,True,400
PNR,108.5999984741211,0.22495691764307146,22.495691764307146,0.29344016879469814,29.344016879469812,168367654.659787,-1.1331724547935296,True,400
MAR,273.82000732421875,0.22405818771707775,22.405818771707775,0.23140541974159445,23.140541974159447,393710231.280813,-10.30137797740035,False,400
MTB,199.74000549316406,0.22320373026167362,22.32037302616736,0.2615413957333441,26.15413957333441,215246648.28470093,-9.656324511267867,False,400
COR,292.6000061035156,0.22138485555467846,22.138485555467845,0.23272517679113758,23.272517679113758,375530720.5459131,-5.055223385713359,False,400
WRB,72.13999938964844,0.21920774957782863,21.92077495778286,0.2832454790713872,28.32454790713872,147371886.18020782,-4.789504935155408,True,400
PSKY,16.0,0.21703377668967705,21.703377668967704,0.4685173522562507,46.85173522562507,228910675.4517784,-8.727898612183594,False,400
BR,262.17999267578125,0.21690738332390302,21.690738332390303,0.26111214640685065,26.111214640685066,173270791.9290161,-3.578393900659571,True,400
URI,929.9500122070312,0.21582671841538614,21.582671841538613,0.29433821469975907,29.433821469975907,470587792.19790524,-0.800042658524569,True,400
XYZ,79.12000274658203,0.21507989015996398,21.507989015996397,0.20517899326161193,20.517899326161192,820831624.3401282,-20.290146036877044,False,400
LHX,275.7699890136719,0.21179615629265514,21.179615629265513,0.2231059630136376,22.31059630136376,348797140.09827876,-1.6932839676421452,True,400
MSFT,507.2300109863281,0.2115590115796282,21.15590115796282,0.20488048379890844,20.488048379890845,10238233737.572144,-8.531125580174937,False,400
NEM,70.7699966430664,0.21147630219143454,21.147630219143455,0.3938575220092,39.385752200919995,717676600.5786045,-0.46413760638096546,True,400
MA,598.9600219726562,0.21098916464242357,21.098916464242357,0.2871944927468937,28.719449274689367,1689623935.0444043,-0.4669553928230874,True,400
SNA,333.0299987792969,0.20686407194460044,20.686407194460045,0.22483866137824227,22.483866137824226,107634035.48506348,-9.176540046900229,False,400
RSG,234.32000732421875,0.2034999469932035,20.34999469932035,0.15052064661548803,15.052064661548803,321798341.36229366,-9.226363356070289,False,400
ABNB,129.9199981689453,0.20343299413603755,20.343299413603756,0.10401085853184844,10.401085853184844,610945878.0044028,-20.746657735842454,False,400
AMP,516.9199829101562,0.2033059671751436,20.33059671751436,0.20673700774791093,20.673700774791094,229348201.29157102,-10.364006378008582,False,400
CBOE,246.42999267578125,0.20242195092798476,20.242195092798475,0.20496453233975842,20.496453233975842,200059638.96762452,-3.463004445772777,True,400
GEN,31.579999923706055,0.20081649161161264,20.081649161161263,0.24747747128702313,24.747747128702315,120801552.95576546,-1.595475124982737,True,400
AZO,4110.60986328125,0.19963651315200104,19.963651315200103,0.2836750444656886,28.36750444656886,498041426.6875,-1.8336068751803825,True,400
PPL,36.900001525878906,0.19704071208559815,19.704071208559814,0.20751235351220854,20.751235351220853,225603667.05263048,-1.2841078879630152,True,400
ADSK,290.2300109863281,0.19455688732807386,19.455688732807385,0.1514322534215744,15.14322534215744,464302729.9233594,-11.141382853123572,False,400
EXC,44.959999084472656,0.18800893585230072,18.80089358523007,0.23201887605241978,23.20188760524198,250525416.222108,-4.873690233176731,True,400
CF,86.51000213623047,0.1878556548270487,18.785565482704868,0.10553487999786282,10.553487999786281,276566480.3468463,-16.68715251707267,False,400
NOW,886.75,0.1870873964706845,18.70873964706845,0.05668629821897753,5.668629821897753,1516707805.244585,-25.986359514090672,False,400
PAYX,140.80999755859375,0.18506149629349844,18.506149629349842,0.13981224970445938,13.981224970445938,363728875.2642822,-12.008131916089226,False,400
DXCM,82.26000213623047,0.18497269781447012,18.497269781447013,0.12377056783751472,12.377056783751472,303356295.3782873,-11.785520497339984,False,400
LH,278.17999267578125,0.1838168290855382,18.38168290855382,0.23020715693916904,23.020715693916905,187837507.63275024,-1.8661616827676974,True,400
KEY,18.979999542236328,0.18097310768365715,18.097310768365716,0.21161454287725556,21.161454287725554,439733436.5144287,-1.806206141323341,True,400
HUBB,440.8500061035156,0.180470913694039,18.0470913694039,0.18950996458751934,18.950996458751934,224078161.0750196,-7.511567905769589,False,400
TPL,911.6300048828125,0.1803431274739411,18.03431274739411,0.10995647833038502,10.995647833038502,151845145.9101538,-48.28673107909357,False,400
TRGP,163.25999450683594,0.18011507694818052,18.01150769481805,0.17014987825938976,17.014987825938977,263118368.98458007,-24.13413450605101,False,400
MMM,158.72000122070312,0.1792173846653442,17.92173846653442,0.25361943005904153,25.361943005904152,529413488.80322516,-3.3079457067817453,True,400
VTR,67.79000091552734,0.1756154186086809,17.56154186086809,0.18752748590346124,18.752748590346123,200977224.77112842,-4.272057208636692,True,400
ICE,180.6699981689453,0.17414778369352368,17.41477836935237,0.1555358743552171,15.55358743552171,460252064.04325867,-4.584107554675776,True,400
INTU,662.6599731445312,0.17265412051891493,17.265412051891495,-0.005298285794281599,-0.5298285794281599,1296701225.8566284,-18.56212815492383,False,400
PNC,201.69000244140625,0.17235408599345914,17.235408599345913,0.20546574470452406,20.546574470452406,415674937.69462466,-4.164854812072227,True,400
NWS,35.16999816894531,0.17137325112568247,17.13732511256825,0.22793430802030712,22.793430802030713,25848810.70760315,-1.1523430045231708,True,400
NSC,284.6000061035156,0.1706057606311504,17.06057606311504,0.20424512550357798,20.424512550357797,591829499.0725793,-2.4306614140177207,True,400
ROL,57.9900016784668,0.170362000725236,17.0362000725236,0.17285542345289429,17.28554234528943,89413140.06462021,-1.645178800997149,True,400
DELL,130.83999633789062,0.16994988708442338,16.99498870844234,0.1926469159509343,19.26469159509343,633985692.8704102,-10.099626688189945,False,400
ADP,307.95001220703125,0.16701588429474312,16.701588429474313,0.17353241664917385,17.353241664917384,488479782.3292969,-6.195641830574239,False,400
IP,48.88999938964844,0.16699499666912176,16.699499666912175,0.05133030457621879,5.133030457621879,211222531.92263457,-16.729635934675247,False,400
DTE,139.94000244140625,0.16553423162696768,16.553423162696767,0.17324743351148464,17.324743351148463,188086947.82657656,-1.4853928652030723,True,400
HAS,81.8499984741211,0.16462743016547599,16.4627430165476,0.2813547989639511,28.13547989639511,175684306.0170685,-0.24375937866882857,True,400
GOOGL,206.08999633789062,0.1643104748303279,16.431047483032792,0.24864829984021086,24.864829984021085,6972257291.217088,-1.1748331385436517,True,400
J,148.49000549316406,0.16290970658751114,16.290970658751114,0.21759201217762048,21.759201217762048,93310403.17862365,-2.3535107196515748,True,400
SYK,394.2200012207031,0.15904506013049713,15.904506013049712,0.15191534513450944,15.191534513450943,498217320.4354736,-2.6304725035012244,True,400
GOOG,206.72000122070312,0.15807142045076739,15.807142045076738,0.2391124701382774,23.91124701382774,4672282154.108682,-1.199634162447949,True,400
LNT,66.97000122070312,0.15673125173993152,15.673125173993153,0.1972899830279533,19.728998302795333,122603942.295813,-0.20861181399965956,True,400
L,96.30000305175781,0.15653612806075623,15.653612806075623,0.22120980154112235,22.120980154112235,76812121.22135559,-1.1395139807220178,True,400
CINF,155.39999389648438,0.1553759248794051,15.537592487940511,0.21421125044410894,21.421125044410893,86454026.1530896,-2.2128283314868047,True,400
CARR,67.75,0.1543462315867521,15.434623158675208,-0.01552171718918649,-1.552171718918649,343071337.9048224,-17.692313999151786,False,400
LII,591.9199829101562,0.15307230774737812,15.307230774737812,0.02706618602849309,2.706618602849309,223335067.484375,-14.144815964538981,False,400
ABT,132.58999633789062,0.14960581329833955,14.960581329833955,0.21319827535595404,21.319827535595405,877748576.9508808,-5.2594354149973155,False,400
WBA,12.069999694824219,0.14938066491972357,14.938066491972357,0.19698223400974335,19.698223400974335,83789972.17208757,-8.905662680571936,False,400
DGX,180.22999572753906,0.14558031873293475,14.558031873293476,0.20109332915463396,20.109332915463398,189936618.79630372,-2.903781667619143,True,400
CTAS,215.58999633789062,0.144966109263311,14.4966109263311,0.10977236908404486,10.977236908404485,317840159.0872119,-5.762891976181894,False,400
AEP,114.0199966430664,0.14327338341709273,14.327338341709272,0.2061188250064987,20.61188250064987,333542973.053529,-0.9211028598560822,True,400
DLTR,113.31999969482422,0.14232841818115638,14.232841818115638,0.1334266442287082,13.34266442287082,345733318.5213928,-4.014905947645008,True,400
NOC,592.4400024414062,0.14126834646589725,14.126834646589725,0.18936997818118195,18.936997818118193,437751789.09987795,-1.422650615134935,True,400
CDNS,349.6300048828125,0.1408490913470397,14.08490913470397,0.22866884974167956,22.866884974167956,570644796.9946924,-7.124453833054711,False,400
PTC,215.0500030517578,0.13804558764040675,13.804558764040674,0.2112081067611602,21.12081067611602,229750206.05179074,-2.112066702209614,True,400
GM,58.369998931884766,0.13597337570356594,13.597337570356594,0.2668468577218417,26.684685772184167,481641847.8925744,-3.9232796117117164,True,400
CPAY,331.19000244140625,0.13332877088744755,13.332877088744755,0.12531006485931595,12.531006485931595,165416290.5764038,-17.369824989709713,False,400
LRCX,100.08000183105469,0.13268792323166156,13.268792323166156,0.15933126248964524,15.933126248964523,1093057370.1385565,-7.35048607550699,False,400
HON,222.8300018310547,0.13172069971607492,13.172069971607492,0.12925030299032692,12.925030299032692,773561107.1175147,-7.334939194945422,False,400
DPZ,450.989990234375,0.13045902605326076,13.045902605326077,0.0702979154378578,7.029791543785779,312476188.18421876,-9.28574784990268,False,400
TSCO,61.61000061035156,0.12728986273414966,12.728986273414966,0.17041336286658537,17.041336286658538,312928037.31140226,-3.7193327171237245,True,400
HIG,134.02000427246094,0.12591973924788857,12.591973924788856,0.22639602683396487,22.639602683396486,195255028.47497466,-0.6817831275383268,True,400
VZ,44.439998626708984,0.11996436159140322,11.996436159140323,0.1553206261752489,15.53206261752489,795018609.3312231,-3.1168156704024508,True,400
TFC,45.90999984741211,0.11993314801584987,11.993314801584987,0.14440956653566772,14.440956653566772,317862364.7498758,-2.9228517738180693,True,400
PANW,185.8800048828125,0.11833219548080254,11.833219548080255,0.03338432179464901,3.338432179464901,1598683383.5556579,-11.649790663976722,False,400
HPE,22.450000762939453,0.11796762439961905,11.796762439961906,0.22371398052789648,22.371398052789647,358011997.49187493,-7.555400972963255,False,400
WM,227.02000427246094,0.1170722516816407,11.70722516816407,0.09968234976029144,9.968234976029144,393337720.6986804,-6.08972364730771,False,400
SW,45.70000076293945,0.11674866715612553,11.674866715612552,0.07315305408377482,7.3153054083774816,180119161.4863861,-17.6009642232794,False,400
CMS,73.12000274658203,0.11311789794399796,11.311789794399797,0.12482541940420777,12.482541940420777,161900915.5344736,-2.9278045887392246,True,400
SO,94.4800033569336,0.1123624076084333,11.23624076084333,0.11504519362160526,11.504519362160526,494938190.15334964,-1.2555762490816802,True,400
IDXX,645.5499877929688,0.11107291370218886,11.107291370218885,0.3041677620335401,30.41677620335401,348035949.8297754,-6.186422081365183,False,400
CVX,158.17999267578125,0.10861787743346119,10.861787743346119,0.13786364714043597,13.786364714043597,1572653845.1122267,-4.185018199398371,True,400
JKHY,165.55999755859375,0.10743100684114415,10.743100684114415,0.013522835682605372,1.3522835682605372,107154365.64833678,-15.260714916385387,False,400
APD,299.29998779296875,0.10555851830056939,10.55585183005694,0.11329536933170692,11.329536933170692,299797264.21338254,-11.16525526331552,False,400
VRSK,271.05999755859375,0.10555491871292566,10.555491871292567,0.012096718138491003,1.2096718138491003,308192812.45520145,-15.939200685499767,False,400
ALL,205.52000427246094,0.10538608690751627,10.538608690751627,0.17138780264060083,17.13878026406008,324779959.7570215,-4.302472746655283,True,400
ECL,283.7300109863281,0.10531502073577714,10.531502073577714,0.16225422889655183,16.225422889655185,326447358.6103857,-0.8075784818860288,True,400
PEG,83.69999694824219,0.10468928893138862,10.468928893138862,0.06364304368704676,6.364304368704676,220165278.4018213,-10.077121876243677,False,400
F,11.739999771118164,0.10211408336667116,10.211408336667116,0.16452684636421,16.452684636421,831214214.505251,-0.604396379878791,True,400
USB,48.279998779296875,0.10181307467307477,10.181307467307477,0.15491820048177596,15.491820048177596,500386562.49285066,-7.5304459832731485,False,400
VMC,292.3999938964844,0.10143370653967532,10.143370653967532,0.18854126383630243,18.854126383630245,268148567.35389894,-1.4223719700158677,True,400
KLAC,870.280029296875,0.10129375566873033,10.129375566873033,0.06231039973870378,6.231039973870378,955873435.609375,-9.078452832724027,False,400
WTW,339.25,0.10097894033797705,10.097894033797704,0.20981793871085386,20.981793871085387,222094901.99224973,-0.8516467123970473,True,400
CHTR,277.5799865722656,0.1008430062064225,10.08430062064225,-0.19586319241854921,-19.586319241854923,647698254.786322,-36.48927192540601,False,400
CCI,103.79000091552734,0.10011799600431659,10.011799600431658,0.002381214482016336,0.2381214482016336,328111919.6244714,-10.372599851624997,False,400
INCY,85.04000091552734,0.09883080572231928,9.883080572231929,0.3256430069018963,32.564300690189626,131723609.1433136,-2.5217755640911554,True,400
PCAR,101.5,0.09662260330361017,9.662260330361017,0.10098888501584136,10.098888501584135,283218163.6020044,-11.475212444948024,False,400
LDOS,181.74000549316406,0.09400769698628086,9.400769698628086,0.21791708949372413,21.791708949372413,156153501.55875245,-9.680837134807563,False,400
VICI,33.400001525878906,0.09274629858798278,9.274629858798278,0.09241928185953618,9.241928185953618,215258368.95349205,-1.7935807872947795,True,400
SBAC,222.8699951171875,0.09260837438651826,9.260837438651826,0.040846763938206854,4.084676393820685,172307913.25673035,-10.054753293203634,False,400
DUK,124.33999633789062,0.09216759727995205,9.216759727995205,0.14383367193914776,14.383367193914776,363910267.1460962,-1.9046605681938944,True,400
D,61.900001525878906,0.09176476459545335,9.176476459545334,0.15030196756356395,15.030196756356396,304578840.6950317,-0.8965699116267878,True,400
GD,319.6099853515625,0.09099870779843022,9.099870779843023,0.1096426039154259,10.964260391542592,359539460.06937253,-0.8961285731589164,True,400
MET,81.48999786376953,0.09076706321658179,9.076706321658179,0.15138788877055154,15.138788877055154,243177478.03553468,-6.512108763224145,False,400
AME,186.9499969482422,0.09058162878207421,9.05816287820742,0.13445487863223415,13.445487863223416,247108020.88177186,-5.268917066316714,False,400
MDT,92.70999908447266,0.08959656921027226,8.959656921027225,0.09419949380255699,9.419949380255698,690153636.9148804,-2.1076715272950963,True,400
PYPL,69.9000015258789,0.08900084931198249,8.900084931198249,-0.021830360741394328,-2.183036074139433,809022647.2320102,-25.368354908406545,False,400
AIG,83.37999725341797,0.08832953695741819,8.832953695741818,0.14533522601929683,14.533522601929683,345861026.51917267,-4.826151033331949,True,400
AMT,211.8800048828125,0.08792984030964601,8.7929840309646,-0.003154409266870495,-0.3154409266870495,462634880.64421874,-10.16683969000468,False,400
FITB,44.790000915527344,0.08775258992946999,8.775258992946998,0.14126121026216842,14.126121026216843,219260927.49680784,-6.202438059418847,False,400
ITW,269.4100036621094,0.0871706151726892,8.71706151726892,0.11864436632880615,11.864436632880615,248460975.3577246,-1.9491702114168175,True,400
DAY,69.19999694824219,0.08690084180863544,8.690084180863543,0.26600799746468495,26.600799746468496,136645976.6564667,-16.313949806354177,False,400
PNW,91.3499984741211,0.08554197427012444,8.554197427012443,0.09028321220418034,9.028321220418034,108586406.23511353,-3.476616189835624,True,400
MCO,516.010009765625,0.08516989732389568,8.516989732389568,0.09331697167922082,9.331697167922082,356564954.3982056,-2.446776277291074,True,400
JNJ,179.2899932861328,0.08458523824689368,8.458523824689369,0.1468228525795281,14.68228525795281,1427458601.1611316,-1.0322424034967526,True,400
MLM,607.8900146484375,0.08369043737746895,8.369043737746896,0.13298808662231187,13.298808662231188,230581321.80609375,-3.5785865426179564,True,400
STLD,132.67999267578125,0.0820656351418052,8.20656351418052,0.13197554579058712,13.197554579058712,177459320.01225585,-13.686277148498583,False,400
EW,81.83000183105469,0.08146678573558952,8.146678573558951,0.1674990170718189,16.74990170718189,334073533.68838656,-1.4096363481268859,True,400
GWW,1021.8599853515625,0.07974914343452144,7.974914343452144,0.05110500619469449,5.110500619469449,330588673.78712404,-16.217096104938822,False,400
SNPS,606.52001953125,0.07969115354479617,7.969115354479617,0.07409511121016776,7.409511121016776,961791751.2029248,-6.936915945616495,False,400
YUM,147.8699951171875,0.07941578749419742,7.941578749419742,0.09451556759284263,9.451556759284262,297747774.3336713,-9.004692036853479,False,400
AJG,303.1700134277344,0.07600347558600573,7.600347558600573,0.0554972844062509,5.54972844062509,465505175.5178955,-13.512002616540563,False,400
SPG,176.55999755859375,0.07556671654755909,7.556671654755909,0.1512005887411123,15.12005887411123,248147095.40341797,-4.7543462047123235,True,400
SPGI,556.6599731445312,0.0715848373038277,7.15848373038277,0.1236854369207161,12.36854369207161,622650367.421831,-3.8666807910274437,True,400
PFG,80.72000122070312,0.07129783352711083,7.129783352711083,0.07649894757769893,7.649894757769893,96761421.71190675,-9.811801857635372,False,400
KVUE,21.610000610351562,0.0660117747705411,6.60117747705411,0.033662494470112936,3.3662494470112936,402466403.61863214,-12.562970775268633,False,400
NWSA,30.5,0.06487030713511444,6.487030713511444,0.10659434226537479,10.659434226537478,96778407.57610771,-0.8130081300813052,True,400
SYY,80.29000091552734,0.06398824952479698,6.398824952479698,0.06971721607253589,6.971721607253589,234281768.04767942,-2.8436574195031428,True,400
PGR,249.2100067138672,0.06366208390114636,6.366208390114636,0.07153055961762411,7.153055961762411,938723386.611817,-14.879214871815972,False,400
COST,958.5399780273438,0.06339049795395191,6.339049795395191,0.09307606574387273,9.307606574387272,2049936510.2203126,-10.861446313434008,False,400
AON,375.1000061035156,0.06093990023222373,6.093990023222373,0.11829117749922569,11.829117749922569,500226782.37599605,-8.787997080397147,False,400
TJX,136.5399932861328,0.06003238178870407,6.003238178870407,0.14998402243965292,14.998402243965291,655501244.1219361,-6.209649973361575,False,400
BXP,69.37000274658203,0.05868825201623329,5.868825201623329,0.03818503206025925,3.818503206025925,112838668.31610352,-19.692017187721056,False,400
BMY,47.91999816894531,0.05787454516429502,5.787454516429502,0.035826475066163876,3.5826475066163876,619572095.6066406,-22.50393181599277,False,400
INTC,24.799999237060547,0.05698268669076878,5.698268669076878,0.15833719821619696,15.833719821619695,2346134090.9372864,-9.981851456099754,False,400
CVS,71.30000305175781,0.05354493034313057,5.354493034313057,0.2786001148702839,27.86001148702839,505846198.97265315,-1.383125806072405,True,400
CSX,34.58000183105469,0.051509290316266165,5.1509290316266165,0.03889123384307158,3.889123384307158,649786082.426438,-7.167780319316275,False,400
CHRW,125.18000030517578,0.05056154984712413,5.056154984712413,0.2746854460064718,27.46854460064718,136581759.7160779,-1.3165141419264725,True,400
REG,72.3499984741211,0.04952758508399557,4.952758508399557,0.061559072769796774,6.155907276979677,84051401.31461029,-5.6481430439049625,False,400
PKG,212.74000549316406,0.049458949426569365,4.9458949426569365,0.08416408782845397,8.416408782845398,142202198.15183592,-13.595992625870856,False,400
KEYS,166.8699951171875,0.04942654567155502,4.942654567155502,0.057410795885918686,5.741079588591869,146584701.32504028,-10.38131157243135,False,400
ES,66.52999877929688,0.04662307586866965,4.662307586866965,0.04851420147798291,4.851420147798291,140510368.96378875,-0.923310100511443,True,400
ED,101.6500015258789,0.04299289157000663,4.299289157000663,0.04749152967454062,4.749152967454062,259377046.49693146,-10.016819202194672,False,400
MCD,314.07000732421875,0.04033531725603057,4.033531725603057,0.10954261247095132,10.954261247095133,1137070819.6478271,-3.2081190035276763,True,400
HSIC,69.5999984741211,0.039358807669927165,3.9358807669927165,-0.003864380447217708,-0.3864380447217708,131600750.52097474,-15.626136166151916,False,400
MU,117.68000030517578,0.03620896606338553,3.620896606338553,0.09139056456492844,9.139056456492845,2675618083.3652954,-9.28705453540697,False,400
DOV,183.07000732421875,0.035219077645764374,3.5219077645764374,0.015472106137390362,1.5472106137390362,193560238.07883728,-17.197315594045413,False,400
FIS,71.76000213623047,0.0347700202889345,3.47700202889345,-0.07654401834791225,-7.654401834791225,245216386.42098814,-20.82263645727036,False,400
LIN,481.6700134277344,0.033916066390251354,3.3916066390251354,0.056239529780444775,5.6239529780444775,751053610.622827,-0.968376867427545,True,400
TROW,108.29000091552734,0.03177413490570502,3.177413490570502,0.03877672508025509,3.8776725080255092,157251222.55280393,-10.617258484916125,False,400
FDS,381.6199951171875,0.031417206004033194,3.1417206004033194,-0.06608115337325993,-6.608115337325993,164213442.02033204,-23.13661953752636,False,400
HD,412.7900085449219,0.031385715440297,3.1385715440297,0.14113410294746154,14.113410294746153,1373518453.7155871,-4.364808067573311,True,400
CRM,248.2899932861328,0.031346754959038936,3.1346754959038936,-0.0434326963481223,-4.343269634812231,1960005428.6992805,-32.42312691585189,False,400
MAA,143.02999877929688,0.031168990137997454,3.1168990137997454,-0.027636428517338607,-2.7636428517338607,138053269.532724,-15.865750674249702,False,400
FCX,43.279998779296875,0.03068685204374244,3.068685204374244,0.0006308628551072726,0.06308628551072726,639745505.0050713,-16.52218028137442,False,400
SBUX,88.37999725341797,0.028870230858967894,2.8870230858967894,-0.02314264892716511,-2.314264892716511,868475932.8423495,-23.727714152923905,False,400
ESS,266.75,0.028609290155524825,2.8609290155524825,-0.04533062644694841,-4.533062644694841,144143237.62945312,-14.175712451051247,False,400
AMD,167.75999450683594,0.02731130869572107,2.731130869572107,0.06305048540760438,6.305048540760438,9527655468.002756,-10.120546481305958,False,400
HST,16.90999984741211,0.025939045963435436,2.5939045963435436,0.05591167306495115,5.591167306495115,151796550.22949862,-8.734838055782213,False,400
SRE,82.9000015258789,0.025934932743522543,2.5934932743522543,0.0570470849819289,5.70470849819289,283257813.7130493,-11.287199482729527,False,400
EA,171.39999389648438,0.024575791188993223,2.4575791188993223,0.15049977108548496,15.049977108548497,455625659.07309204,-5.251520354078143,False,400
KO,70.12999725341797,0.022291688770799567,2.2291688770799567,0.03752988290641324,3.7529882906413237,1085638168.102246,-5.043525954826411,False,400
ROP,536.8400268554688,0.022117959407193855,2.2117959407193855,-0.02080083238064001,-2.080083238064001,355618557.57656246,-9.540154981703996,False,400
K,80.1500015258789,0.019033975717236196,1.9033975717236196,0.02273446136277668,2.273446136277668,265465978.5402649,-3.0200266034946965,True,400
CTRA,23.809999465942383,0.018226556693615503,1.8226556693615503,0.029722666970222633,2.9722666970222633,172029501.21461678,-18.706380937938217,False,400
AWK,146.1999969482422,0.016152424228703,1.6152424228703,0.06335105924886153,6.335105924886153,188571527.56740236,-4.874680897759188,True,400
WDAY,221.27000427246094,0.015802331926731306,1.5802331926731306,-0.052417414767300996,-5.2417414767301,665500094.355835,-24.738093784877236,False,400
MDLZ,63.40999984741211,0.01529168201327824,1.529168201327824,-0.08264968478786472,-8.264968478786471,507791725.2317746,-14.247159705696454,False,400
MPC,170.8800048828125,0.013378444906903875,1.3378444906903875,0.016461924311889975,1.6461924311889975,381706177.1899243,-6.154421995883763,False,400
CTSH,72.37000274658203,0.012661843232559145,1.2661843232559145,-0.040631618572402495,-4.0631618572402495,291463623.8220795,-19.37906821543417,False,400
ADI,252.1999969482422,0.012128098602671722,1.2128098602671722,0.12761721466964437,12.761721466964438,828891159.306264,-1.9478226636895357,True,400
GDDY,147.07000732421875,0.008245926579437013,0.8245926579437013,-0.10828828075358976,-10.828828075358976,293281201.92522216,-31.912033646195027,False,400
MSI,461.9100036621094,0.00776796597769458,0.776796597769458,0.09572798429597196,9.572798429597196,400229531.9978796,-8.346681816363732,False,400
KIM,22.200000762939453,0.0074550370129147225,0.7455037012914723,0.017538810559881712,1.7538810559881712,88944427.60124359,-11.105587642015324,False,400
CB,277.69000244140625,0.0060330680125806335,0.6033068012580634,0.03399708596406015,3.3997085964060147,519471548.88161135,-9.21630540893098,False,400
ABBV,210.60000610351562,0.005723008050860123,0.5723008050860123,0.10991599644521477,10.991599644521477,1121288369.245525,-1.9564458429832898,True,400
GNRC,194.63999938964844,0.005506367230983411,0.5506367230983411,0.27590950833091865,27.590950833091867,178627062.5023529,-4.236162661919584,True,400
ISRG,476.1600036621094,0.0024413686164828086,0.24413686164828086,-0.02310124626693122,-2.310124626693122,966342698.4630005,-22.701298106800426,False,400
O,58.91999816894531,0.0017651848784965285,0.17651848784965285,0.022203262044713012,2.2203262044713012,312901246.12221193,-4.8074191575179785,True,400
VLO,145.3699951171875,-0.0006962345824186311,-0.06962345824186311,0.04358159018182173,4.358159018182173,427231907.01912045,-5.519415037126207,False,400
XOM,111.27999877929688,-0.0009882780076793107,-0.09882780076793107,0.012767415891521416,1.2767415891521416,1845883890.8270948,-8.735494250373899,False,400
BRO,96.66000366210938,-0.0024306112840528638,-0.24306112840528638,-0.06034312173793599,-6.034312173793599,405906964.6787354,-22.864512887324373,False,400
UDR,39.20000076293945,-0.003939612369981416,-0.39396123699814156,-0.03614985009081784,-3.6149850090817837,88951419.96480194,-14.09470197442425,False,400
HII,269.9800109863281,-0.005089280031583265,-0.5089280031583265,0.020035775658900246,2.0035775658900246,122677728.33270997,-7.900662654290014,False,400
APTV,78.43000030517578,-0.005925482297123863,-0.5925482297123863,0.10651810587356847,10.651810587356847,179006628.86962342,-0.012751320651649412,True,400
FE,43.790000915527344,-0.010755752057213686,-1.0755752057213686,0.05718258420964606,5.718258420964606,170537861.93977967,-0.6128017461373592,True,400
AFL,108.45999908447266,-0.01214943890475828,-1.214943890475828,0.05150624802187087,5.150624802187087,262918055.1570044,-4.472583034830113,True,400
AIZ,215.9199981689453,-0.012352896110564116,-1.2352896110564116,0.154527384072479,15.452738407247901,81808967.52199951,-5.287231418068905,False,400
TAP,52.810001373291016,-0.013869591263538927,-1.3869591263538927,0.023737946394469134,2.3737946394469134,130045452.07463074,-17.57967002856924,False,400
EOG,121.11000061035156,-0.01685422778989376,-1.685422778989376,0.00015776581429016723,0.015776581429016723,405490405.47648925,-10.61217307385891,False,400
NUE,147.92999267578125,-0.017724139707064435,-1.7724139707064435,0.027420408285247166,2.7420408285247166,256335410.98228577,-12.071074027875028,False,400
EQIX,786.469970703125,-0.019914718287468713,-1.9914718287468713,-0.017769754926559078,-1.7769754926559078,524913668.69711673,-19.55332257088883,False,400
STE,251.8699951171875,-0.020742712539719488,-2.074271253971949,0.08534885901470246,8.534885901470247,138369100.62046388,-0.23370497543730995,True,400
CPT,109.44000244140625,-0.021508920041306223,-2.1508920041306223,-0.057340954067277794,-5.734095406727779,106373703.17711242,-11.958834246685957,False,400
XYL,143.74000549316406,-0.0221709739471303,-2.21709739471303,0.07096269196312854,7.096269196312854,159018655.38140994,-1.0940592567658447,True,400
MSCI,574.8300170898438,-0.02396273460816034,-2.396273460816034,0.03595807159429043,3.595807159429043,410836942.7905274,-9.673966106661002,False,400
OKE,74.83999633789062,-0.025628891919220242,-2.5628891919220242,-0.09952086392287562,-9.952086392287562,282324319.93627626,-34.30350312272053,False,400
KDP,35.13999938964844,-0.027805430151687016,-2.7805430151687016,0.01766210609636798,1.766210609636798,320542352.70015013,-5.677498851709228,False,400
EQR,65.26000213623047,-0.028163997128887397,-2.8163997128887397,-0.062497883327128134,-6.249788332712813,140053536.7647995,-14.198301182296113,False,400
VRTX,395.1199951171875,-0.028470915543693964,-2.8470915543693964,-0.18717984196224557,-18.717984196224556,755068975.6238501,-23.99784730973592,False,400
ALB,81.33999633789062,-0.030084788150931963,-3.0084788150931963,-0.06280708607912777,-6.280708607912777,323804353.3577728,-27.43806711762664,False,400
EL,91.2300033569336,-0.030729967112655854,-3.0729967112655854,0.01909083525536248,1.9090835255362482,387122122.42359614,-10.50133040875546,False,400
EXPD,120.0199966430664,-0.03202882514623118,-3.2028825146231177,-0.005683834321902337,-0.5683834321902337,141235300.9269922,-7.610729612233136,False,400
ADM,62.91999816894531,-0.033569640836980885,-3.3569640836980885,0.10503504080109805,10.503504080109805,211285762.51232392,-0.7571030684244806,True,400
ZBRA,322.7900085449219,-0.03362320609714675,-3.362320609714675,-0.06437678682631343,-6.437678682631343,172206294.88683593,-24.539461105356132,False,400
TYL,561.1400146484375,-0.03659735962749011,-3.659735962749011,-0.03449816361042812,-3.4498163610428123,192608899.7711792,-15.147205286470955,False,400
DVA,140.36000061035156,-0.038711829978595125,-3.8711829978595125,-0.06799472163451004,-6.799472163451004,118190192.15158813,-21.848554654584696,False,400
OTIS,88.58000183105469,-0.039000758110164124,-3.9000758110164124,-0.04107959380359949,-4.107959380359949,303220353.61917114,-16.32278895678011,False,400
AMGN,293.7200012207031,-0.0390371520593541,-3.9037152059354097,-0.07780343103352794,-7.780343103352793,671954531.4475341,-11.06362161808444,False,400
LW,56.9900016784668,-0.04080194691821415,-4.080194691821415,-0.061228212618962274,-6.122821261896227,119424017.58615783,-30.792649588543963,False,400
AVB,193.6199951171875,-0.040821109395920874,-4.082110939592088,-0.07874291636978359,-7.874291636978359,178713971.81589293,-17.071155927491354,False,400
CHD,95.0199966430664,-0.041650807361773734,-4.165080736177373,-0.0609234820458594,-6.0923482045859405,215190269.125372,-17.888983547966163,False,400
GPC,139.5,-0.042804376014067724,-4.280437601406772,0.0023930847241462327,0.23930847241462327,149124008.85197908,-0.9303299348816685,True,400
PG,158.6699981689453,-0.04310339913520689,-4.310339913520689,-0.04394695396259307,-4.394695396259307,1303475213.305666,-10.68899496407184,False,400
SHW,372.92999267578125,-0.04368965466549368,-4.368965466549368,0.05055461548559581,5.055461548559581,658937873.5725318,-6.254719932127106,False,400
HSY,181.42999267578125,-0.045135902284541785,-4.513590228454179,-0.0507464650269307,-5.07464650269307,319625029.2569092,-10.615488191458066,False,400
PSX,129.94000244140625,-0.04562763550177251,-4.562763550177252,0.007356308187756566,0.7356308187756566,361450058.04122007,-4.249311765157393,True,400
IR,80.62999725341797,-0.04619477737126154,-4.619477737126154,-0.11469259621486116,-11.469259621486117,236844178.29048157,-23.899685648985624,False,400
DD,77.31999969482422,-0.04970508364210391,-4.97050836421039,-0.01768984431801013,-1.7689844318010128,200143054.2870349,-12.802616509321286,False,400
LOW,263.7300109863281,-0.05135284401623208,-5.135284401623208,0.10918038472117386,10.918038472117386,666970282.2698975,-6.33356179704262,False,400
AAPL,227.75999450683594,-0.05251148787401605,-5.251148787401605,0.010689085558186262,1.0689085558186262,11825749718.703953,-12.122825972057893,False,400
MGM,38.060001373291016,-0.05417719973793511,-5.417719973793512,-0.03645566143567047,-3.6455661435670472,174438023.84006378,-10.531263389327062,False,400
PRU,109.88999938964844,-0.05535270968585293,-5.5352709685852926,0.00794303931225726,0.7943039312257261,169441306.7906247,-12.60898760933491,False,400
VLTO,109.1500015258789,-0.0557580266955896,-5.575802669558961,-0.0019946143389841797,-0.19946143389841797,128345895.08597656,-4.7718999967961135,True,400
MMC,210.5500030517578,-0.05719938539095004,-5.719938539095004,-0.04710702139046663,-4.7107021390466635,525163009.16384584,-14.735033209466476,False,400
POOL,323.7300109863281,-0.06004406892808811,-6.004406892808811,-0.06402408976699303,-6.402408976699303,187357953.5621802,-17.23416199559239,False,400
HRL,29.25,-0.06184465523138971,-6.184465523138972,-0.06344557853187138,-6.344557853187139,96890062.86944182,-10.927479101823645,False,400
FTV,49.310001373291016,-0.062039461960459286,-6.203946196045928,-0.09418656140076231,-9.418656140076232,223049833.6119511,-21.466186127321375,False,400
PPG,114.2699966430664,-0.06328571811010586,-6.328571811010586,-0.06317438185234014,-6.317438185234014,210450552.9757507,-14.706830142368121,False,400
BALL,53.72999954223633,-0.06527899809237758,-6.527899809237758,-0.14804820433201704,-14.804820433201705,139361252.5557422,-20.27076668635701,False,400
MTCH,37.29999923706055,-0.06581077749551112,-6.5810777495511115,0.02230477402480857,2.230477402480857,149821219.22716507,-4.846942573723645,True,400
QCOM,158.00999450683594,-0.06824269192087906,-6.824269192087906,-0.07311149253554994,-7.311149253554994,1250501979.9237084,-11.777987129120149,False,400
NEE,76.31999969482422,-0.06934519977762754,-6.934519977762754,-0.013094721908575746,-1.3094721908575746,773189865.7395742,-9.301552107695876,False,400
MKTX,188.72999572753906,-0.07182668248541746,-7.182668248541746,-0.177086377192044,-17.7086377192044,99361914.50263183,-35.47722146835166,False,400
MKC,72.26000213623047,-0.07206913525836345,-7.206913525836345,-0.06154948729981069,-6.154948729981069,168531982.15546417,-15.206778920820984,False,400
SJM,113.19999694824219,-0.07480213454712992,-7.480213454712992,-0.026357802475054704,-2.6357802475054704,210917809.98476255,-7.006117214913465,False,400
IEX,168.55999755859375,-0.07530879590971751,-7.53087959097175,-0.15133429164758527,-15.133429164758528,139810865.8855847,-28.47752265297121,False,400
INVH,31.260000228881836,-0.07653340334954761,-7.653340334954761,-0.10125881125102654,-10.125881125102653,115653485.96942596,-14.429369133995696,False,400
WST,247.85000610351562,-0.08076713761901644,-8.076713761901644,-0.18301261964520132,-18.301261964520133,163794466.8721533,-29.436201171655508,False,400
PFE,25.8799991607666,-0.08134393539313556,-8.134393539313557,-0.04595432952363998,-4.595432952363998,1016382757.1116467,-8.984733404883126,False,400
UNP,227.85000610351562,-0.08209531258207203,-8.209531258207203,-0.0515845067179741,-5.15845067179741,926669097.8752655,-10.259006933520853,False,400
EXR,142.75,-0.08254140961894096,-8.254140961894096,-0.1298437409022173,-12.984374090221728,175926718.409646,-20.23637688966845,False,400
NKE,78.37999725341797,-0.08289228041975549,-8.28922804197555,-0.04689867028681205,-4.6898670286812045,1119609395.6146462,-12.044824922668273,False,400
AOS,73.61000061035156,-0.08365426208745075,-8.365426208745074,-0.08334387129242371,-8.334387129242371,99302349.69646911,-18.470778910165052,False,400
CMCSA,34.150001525878906,-0.08380614347690973,-8.380614347690972,-0.11540790095813658,-11.540790095813659,722401938.0800699,-22.604377301681254,False,400
KMB,133.49000549316406,-0.08457754526173855,-8.457754526173854,-0.04344619560409979,-4.3446195604099795,311009482.11437017,-10.438792858741774,False,400
TXT,81.52999877929688,-0.08605688514875409,-8.605688514875409,-0.07928109777353565,-7.928109777353565,133867400.19744079,-10.786491101570583,False,400
HCA,404.9700012207031,-0.08615165289300075,-8.615165289300075,0.083756455244685,8.3756455244685,541957437.2477343,-2.3023554154135817,True,400
PLD,112.27999877929688,-0.08760194295115553,-8.760194295115554,-0.06631378425151835,-6.631378425151835,434388003.2176755,-12.336189965784028,False,400
TXN,206.05999755859375,-0.08863482278013912,-8.863482278013912,0.01865084741057843,1.865084741057843,1326930419.0533447,-6.3785593840976595,False,400
PSA,293.7099914550781,-0.08975930464712678,-8.975930464712679,-0.06948317452951047,-6.948317452951047,248302967.05030516,-18.25019302723614,False,400
GEHC,75.22000122070312,-0.09011637558371666,-9.011637558371666,-0.10808035968315766,-10.808035968315766,288736270.0593781,-20.576379126639722,False,400
PHM,132.3300018310547,-0.09045487052680268,-9.045487052680269,0.03731888231382818,3.7318882313828183,249060561.7205676,-10.920877777276516,False,400
AMAT,162.49000549316406,-0.09192155454923856,-9.192155454923856,-0.2133926338925447,-21.33926338925447,1338431582.6986952,-23.884703061686686,False,400
DOC,17.75,-0.09206608454377119,-9.206608454377118,-0.14089280712712515,-14.089280712712515,127225674.59923707,-19.52633227956655,False,400
IRM,93.86000061035156,-0.09262506211665522,-9.262506211665523,-0.13773195182621212,-13.773195182621212,147899239.11270753,-26.236297062668022,False,400
NXPI,234.8300018310547,-0.10101143703761661,-10.101143703761661,-0.059352614284806204,-5.93526142848062,587980319.2918634,-7.901731208631668,False,400
NDSN,227.1699981689453,-0.10292543636324569,-10.29254363632457,-0.07009613208098708,-7.009613208098708,86594262.70901367,-13.920128499741669,False,400
ROST,147.25,-0.10403783233983299,-10.4037832339833,-0.03305169431804489,-3.305169431804489,440066735.6421405,-9.008751398409453,False,400
EG,343.94000244140625,-0.10413721232358597,-10.413721232358597,-0.0716109681486572,-7.1610968148657195,119403178.81426758,-14.142494815514073,False,400
DG,112.4000015258789,-0.10575522768498691,-10.57552276849869,-0.06716367728337169,-6.716367728337169,312960464.73065066,-9.118619012120543,False,400
CLX,120.30999755859375,-0.10627970101234241,-10.62797010123424,-0.17348860934008326,-17.348860934008325,233095558.29360354,-27.91330463568422,False,400
COP,96.77999877929688,-0.10695407995900941,-10.69540799590094,-0.08866362503468206,-8.866362503468206,687503060.7003595,-14.01678971975463,False,400
WAT,302.19000244140625,-0.11522498232985712,-11.522498232985711,-0.10419752854113695,-10.419752854113696,262456119.23307493,-28.654735059204363,False,400
ACGL,93.41000366210938,-0.1152576182928774,-11.52576182928774,-0.06086603278084446,-6.086603278084446,211876669.2611261,-15.657758930109866,False,400
CPRT,48.959999084472656,-0.1178265055344383,-11.78265055344383,-0.066539592520517,-6.6539592520517,326608308.55690247,-23.95153592232665,False,400
TSN,57.61000061035156,-0.11880963465814642,-11.880963465814641,-0.05990041694110926,-5.990041694110926,145213398.5016614,-11.682711000888391,False,400
MTD,1321.449951171875,-0.11948343120721328,-11.948343120721328,-0.07709016312730133,-7.7090163127301325,186422288.477417,-13.120233089360179,False,400
FICO,1415.9000244140625,-0.12320160411376124,-12.320160411376124,-0.1916533203076679,-19.16533203076679,541567036.8178906,-41.06604677990091,False,400
CL,85.94000244140625,-0.12597714213598155,-12.597714213598154,-0.15077977241047957,-15.077977241047957,439013942.9184485,-19.607668076604277,False,400
CI,304.3500061035156,-0.1262007201236156,-12.620072012361561,-0.09522395539617323,-9.522395539617323,574839535.2055078,-16.7789523666228,False,400
NVR,8212.8095703125,-0.12655510125774716,-12.655510125774716,-0.07907596132387473,-7.907596132387473,152111021.70558593,-17.581540199633004,False,400
MAS,75.58000183105469,-0.12808372763743758,-12.808372763743758,-0.018310416327261936,-1.8310416327261936,158474450.37216735,-11.319580849599387,False,400
ZBH,107.70999908447266,-0.12810869703153271,-12.810869703153271,-0.03054187280069154,-3.054187280069154,180601585.18250734,-6.858594730395895,False,400
IPG,27.260000228881836,-0.12878256576944558,-12.878256576944558,-0.09732466976011422,-9.732466976011423,196991666.32783738,-15.347502315199568,False,400
FRT,99.44999694824219,-0.1301366196225775,-13.01366196225775,-0.08660213958227203,-8.660213958227203,74585106.50126953,-12.973809719274543,False,400
WY,26.829999923706055,-0.13168939441087424,-13.168939441087424,-0.09280478174239126,-9.280478174239127,116484942.81268357,-19.46268853930694,False,400
CRL,161.83999633789062,-0.1334768476737178,-13.347684767371781,-0.20814173367553002,-20.814173367553003,143108273.1658539,-29.640903690189667,False,400
A,121.62999725341797,-0.13368223992341244,-13.368223992341244,-0.12446839954584332,-12.446839954584332,186696054.91259766,-20.60250916883145,False,400
JBHT,150.13999938964844,-0.13990256622273445,-13.990256622273446,-0.13483471200094121,-13.483471200094122,151377810.24876222,-24.406105591818715,False,400
ACN,259.2200012207031,-0.14000281912131918,-14.000281912131918,-0.20865969600257728,-20.865969600257728,1176900956.3794458,-34.27681768888843,False,400
ALGN,149.57000732421875,-0.14013529333890562,-14.013529333890562,-0.36388379101695845,-36.38837910169585,277176740.6196875,-43.10114881786321,False,400
KHC,28.059999465942383,-0.1447487867558287,-14.47487867558287,-0.16614496128161205,-16.614496128161203,417925651.3632547,-20.020323738410738,False,400
PEP,149.63999938964844,-0.14517338238718724,-14.517338238718725,-0.11482762853620099,-11.482762853620098,1364024156.143526,-14.217789771642941,False,400
CMG,43.63999938964844,-0.14870645694848217,-14.870645694848218,-0.18779081032108136,-18.779081032108135,842457040.7841407,-34.611925701995204,False,400
LLY,711.6799926757812,-0.14933151371478048,-14.933151371478049,-0.24669620230430178,-24.669620230430176,3488293968.50082,-26.26216231931987,False,400
RVTY,94.1500015258789,-0.15314387151044573,-15.314387151044572,-0.2180886061095444,-21.80886061095444,118374952.1720581,-27.14697957547918,False,400
AVY,178.5,-0.15421697534096301,-15.421697534096301,-0.15397998047920258,-15.397998047920257,122173075.54051757,-19.29289794901886,False,400
ZTS,156.6199951171875,-0.15429632019023076,-15.429632019023076,-0.1332672434612403,-13.326724346124031,500892313.9049133,-20.86786735887477,False,400
SMCI,43.880001068115234,-0.1580364576408857,-15.80364576408857,-0.296546823762058,-29.6546823762058,1963939738.512851,-33.95544934422118,False,400
MCHP,69.13999938964844,-0.15826477340368705,-15.826477340368704,-0.1358065449438256,-13.58065449438256,600203538.9181519,-13.88807761842321,False,400
EPAM,174.9499969482422,-0.15882503453264807,-15.882503453264807,-0.12895199585866524,-12.895199585866523,116296223.73858765,-34.962826413292866,False,400
UPS,88.81999969482422,-0.16333415183276523,-16.33341518327652,-0.2615226842434081,-26.152268424340807,669972656.063808,-34.86569909558317,False,400
VTRS,10.649999618530273,-0.164547555174979,-16.454755517497897,-0.03758486270632655,-3.758486270632655,89871283.9183612,-18.356361027594826,False,400
FI,139.67999267578125,-0.16782510362207004,-16.782510362207002,-0.1702014426639653,-17.02014426639653,808877691.9322449,-41.456056490328805,False,400
ODFL,159.1300048828125,-0.16819228874628733,-16.819228874628735,-0.21112360420897713,-21.112360420897712,299131233.21978337,-31.471585671140556,False,400
EFX,255.0,-0.1704063163086429,-17.04063163086429,-0.13998539305766777,-13.998539305766776,268769851.8721124,-17.225752083714884,False,400
FDX,236.8000030517578,-0.1709018292354808,-17.09018292354808,-0.16988518909474526,-16.988518909474525,507006335.09299505,-21.947561002597006,False,400
HOLX,68.26000213623047,-0.17395649528749957,-17.395649528749956,-0.14696319670309455,-14.696319670309455,134745862.21699357,-19.113635940370123,False,400
LULU,207.58999633789062,-0.176711973717407,-17.6711973717407,-0.21849944463362592,-21.84994446336259,763351614.8726556,-50.961449318199016,False,400
SLB,35.61000061035156,-0.17993392035484412,-17.993392035484412,-0.17132371720241235,-17.132371720241235,558999892.8759383,-21.167001649966068,False,400
BG,87.11000061035156,-0.18047960620115122,-18.047960620115123,-0.06390114363344046,-6.390114363344046,164622555.7661438,-11.428736607795976,False,400
OMC,79.68000030517578,-0.18151822883809698,-18.1518228838097,-0.15369024341880122,-15.369024341880122,334436922.10163325,-23.567523346851647,False,400
AES,13.489999771118164,-0.18384943433546563,-18.384943433546564,-0.19136039605092414,-19.136039605092414,180251995.82800758,-29.612499013568684,False,400
TTD,53.20000076293945,-0.18551169506634924,-18.551169506634924,-0.4902261359544061,-49.02261359544061,1090401016.5414963,-62.4107954343305,False,400
CDW,167.0,-0.18560359292037343,-18.560359292037344,-0.24788918539433946,-24.788918539433947,195265719.5253955,-27.07958752962667,False,400
BAX,24.540000915527344,-0.18618335437506073,-18.618335437506072,-0.3058372988896443,-30.583729888964427,190492520.2556433,-38.44419845101286,False,400
IQV,191.14999389648438,-0.18696353310032898,-18.696353310032897,-0.2261133850344762,-22.61133850344762,343057750.1842755,-24.41079159854277,False,400
OXY,45.83000183105469,-0.18770541713155797,-18.770541713155797,-0.1658646352394395,-16.58646352394395,533861799.72861785,-20.081649439761605,False,400
FSLR,202.27999877929688,-0.18824957437417245,-18.824957437417243,-0.09140729307456741,-9.140729307456741,730403178.3402197,-23.005481942972594,False,400
BBY,75.38999938964844,-0.19000921037369656,-19.000921037369658,-0.09250699502581039,-9.250699502581039,233180721.40744385,-24.3924047160176,False,400
EMN,69.44000244140625,-0.19039849067334214,-19.039849067334213,-0.27300233475964275,-27.300233475964276,132238144.12217163,-37.616633196691275,False,400
TECH,57.09000015258789,-0.19205735545524882,-19.20573554552488,-0.20994712287275197,-20.994712287275195,111837828.171743,-29.09532031062476,False,400
NTAP,110.5199966430664,-0.19967015992832848,-19.96701599283285,-0.15485908519903935,-15.485908519903935,178099231.02719724,-17.111508482368986,False,400
BDX,199.66000366210938,-0.2027919560684125,-20.27919560684125,-0.1331996038859664,-13.319960388596641,519221006.6224915,-19.9259513088472,False,400
AKAM,77.63999938964844,-0.20957791987036234,-20.957791987036234,-0.2396435322146344,-23.96435322146344,160627795.33390075,-27.303373435277667,False,400
BLDR,144.4499969482422,-0.21075784079564452,-21.075784079564453,-0.14145618455725295,-14.145618455725295,295975575.45279604,-28.89140623104529,False,400
CZR,26.75,-0.2117711945457803,-21.17711945457803,-0.26430144249270526,-26.430144249270526,165484137.40252098,-41.75919916772658,False,400
COO,75.22000122070312,-0.21204356004510838,-21.20435600451084,-0.19688235874868154,-19.688235874868155,168222573.60121092,-33.06637919639622,False,400
DVN,35.15999984741211,-0.21598011523106841,-21.59801152310684,-0.1721879981857618,-17.21879981857618,265068100.7119061,-21.17445592720083,False,400
DHI,170.67999267578125,-0.21731873300531412,-21.73187330053141,-0.07438984630101297,-7.438984630101297,608725532.6837598,-13.640601868269176,False,400
ERIE,366.3599853515625,-0.21798568726412615,-21.798568726412615,-0.21922180669201996,-21.922180669201996,52181986.43858643,-32.135100144342566,False,400
TMO,499.989990234375,-0.2189375314930725,-21.893753149307248,-0.17789736015670843,-17.789736015670844,1229499025.01401,-20.108560343270454,False,400
LMT,446.20001220703125,-0.22052621873893485,-22.052621873893486,-0.17298485124444696,-17.298485124444696,840955093.4157934,-26.41916303420254,False,400
FANG,143.27999877929688,-0.22522968735902293,-22.522968735902293,-0.2305035662766436,-23.05035662766436,318168138.9209021,-26.639324836799215,False,400
LKQ,31.84000015258789,-0.2253055286640685,-22.53055286640685,-0.21519498772770318,-21.51949877277032,99761563.25832932,-27.25304274178396,False,400
MHK,133.2100067138672,-0.22831297001067463,-22.831297001067462,-0.11382384098377363,-11.382384098377363,102389352.61365052,-18.917759962492486,False,400
IFF,67.9800033569336,-0.22862630430555686,-22.862630430555686,-0.30893531469656876,-30.893531469656878,143580011.66818163,-35.36496768409633,False,400
GPN,90.01000213623047,-0.232598908320232,-23.2598908320232,-0.16828691916610927,-16.82869191661093,213866835.17383972,-24.383418012060996,False,400
SWK,77.52999877929688,-0.2331382969090503,-23.31382969090503,-0.18207752224996832,-18.20775222499683,148656256.9477295,-27.812345651858283,False,400
MPWR,844.0,-0.24099426453815542,-24.099426453815543,-0.1015415978544224,-10.154159785442241,447226390.980542,-11.322595926430845,False,400
HPQ,27.739999771118164,-0.24332728247994806,-24.332728247994805,-0.18294664949536643,-18.294664949536642,198371329.37042603,-28.191367456877682,False,400
DHR,211.8000030517578,-0.24795627931483077,-24.79562793148308,-0.2146202640224587,-21.462026402245872,810950655.8625817,-23.931238857571834,False,400
GIS,50.18000030517578,-0.24872765206920222,-24.87276520692022,-0.2600815292654649,-26.00815292654649,304417140.6714807,-31.145667390881194,False,400
ARE,80.93000030517578,-0.25036922309104626,-25.036922309104625,-0.2606018677934582,-26.060186779345816,127482270.52435364,-31.83977457124557,False,400
MRK,87.37000274658203,-0.25062644546036406,-25.062644546036406,-0.22158163068321168,-22.15816306832117,1166375832.330263,-24.921132107300746,False,400
PCG,15.1899995803833,-0.25484320836386254,-25.484320836386253,-0.18274866133458123,-18.274866133458122,401502297.94516987,-29.748831497432526,False,400
IT,249.89999389648438,-0.25984578275901804,-25.984578275901804,-0.4806409648925136,-48.06409648925136,425389777.3646582,-57.20963858191843,False,400
HAL,22.270000457763672,-0.2623455461424643,-26.23455461424643,-0.2672807774675874,-26.72807774675874,314299677.3796558,-30.18750582983053,False,400
KMX,60.060001373291016,-0.269972084128852,-26.9972084128852,-0.2719117113752527,-27.191171137525274,207546740.67963865,-34.18082041283176,False,400
STZ,167.6199951171875,-0.27101844308112144,-27.101844308112145,-0.3002455637679101,-30.02455637679101,360718078.29089355,-34.399029194084854,False,400
APA,21.639999389648438,-0.2766317958490154,-27.663179584901542,-0.18892807693693459,-18.89280769369346,146011403.28258705,-22.773395501152116,False,400
ON,51.849998474121094,-0.2769953259511546,-27.69953259511546,-0.323813272460025,-32.3813272460025,501152927.85788167,-34.04147300401705,False,400
SWKS,77.29000091552734,-0.30995526961983866,-30.995526961983867,-0.2627376203653171,-26.27376203653171,186807579.30875245,-28.19745887666564,False,400
UHS,185.5800018310547,-0.3148039732682658,-31.48039732682658,-0.1820489231706437,-18.20489231706437,166135233.51388794,-23.46448336290925,False,400
TGT,99.23999786376953,-0.3172805032961139,-31.728050329611392,-0.35278917061525306,-35.278917061525306,656372663.1101471,-38.42991138741879,False,400
TER,115.30000305175781,-0.3223922234657718,-32.23922234657718,-0.14455078138709032,-14.455078138709032,399368836.4204434,-19.81244268966832,False,400
CPB,33.13999938964844,-0.32644996788263003,-32.644996788263,-0.3186370941113449,-31.86370941113449,180072336.73654908,-34.72798471327724,False,400
LYB,58.77000045776367,-0.32693289353688726,-32.693289353688726,-0.3483335476480929,-34.833354764809286,268759581.1527832,-37.306738350578726,False,400
LEN,135.75,-0.3349360656385506,-33.49360656385506,-0.20463018773259156,-20.463018773259158,393824794.3979187,-26.516532718414965,False,400
DECK,109.0999984741211,-0.34243997211941224,-34.24399721194122,-0.31637320021531923,-31.637320021531924,353770579.52887386,-51.290293528339916,False,400
ADBE,362.0899963378906,-0.3430601161630278,-34.306011616302776,-0.3600275536863762,-36.002755368637615,1508891995.6433034,-38.39387556990377,False,400
CAG,19.65999984741211,-0.3464968806388483,-34.64968806388483,-0.3220637539475021,-32.20637539475021,215734177.81924254,-37.30518145696619,False,400
HUM,299.510009765625,-0.3522502560769605,-35.22502560769605,-0.1535817527798483,-15.35817527798483,431680584.08987063,-20.69916280341625,False,400
BIIB,139.30999755859375,-0.35692113178804474,-35.692113178804476,-0.3243282447019037,-32.43282447019037,180396953.85623565,-32.891757784011276,False,400
EIX,55.599998474121094,-0.3573181171008969,-35.73181171008969,-0.3050736487556679,-30.50736487556679,201055221.65802506,-34.608652782693405,False,400
ELV,316.54998779296875,-0.4747602702377052,-47.47602702377052,-0.4071082466672413,-40.710824666724136,816555202.7947778,-43.3154275267565,False,400
DOW,25.110000610351562,-0.4912465012286583,-49.12465012286583,-0.49043474989334446,-49.04347498933445,411446476.3728691,-52.16308033719093,False,400
UNH,307.4200134277344,-0.5089864772260531,-50.898647722605304,-0.4581542428023303,-45.81542428023303,4921886868.914161,-50.5147972472913,False,400
REGN,589.47998046875,-0.5223304103743411,-52.23304103743411,-0.5005592699445798,-50.05592699445798,551996118.3194531,-51.12226962838046,False,400
MOH,174.44000244140625,-0.5442841092539661,-54.428410925396605,-0.4975661706421235,-49.75661706421235,335493107.8649286,-52.23831635020372,False,400
MRNA,27.1200008392334,-0.6075014688675364,-60.75014688675364,-0.6870167298135161,-68.7016729813516,257296865.90355033,-69.38706178991683,False,400
CNC,29.40999984741211,-0.6586734731114938,-65.86734731114939,-0.6248724582268762,-62.48724582268762,619028221.2951068,-63.50663707179678,False,400
ENPH,38.18000030517578,-0.7022881469734368,-70.22881469734368,-0.6799932856722641,-67.99932856722641,367001061.00124544,-70.64883166686667,False,400
